[
  {
    "id": "d335da9f-1c11-4431-8ff1-38de7cbd06aa",
    "data": [
      {
        "text": "icecream",
        "userDefined": false
      }
    ],
    "isTemplate": false,
    "count": 0,
    "lang": "en",
    "updated": 0
  },
  {
    "id": "d8eb498c-c3cc-48e4-8a4e-56361e11d802",
    "data": [
      {
        "text": "samosa",
        "userDefined": false
      }
    ],
    "isTemplate": false,
    "count": 0,
    "lang": "en",
    "updated": 0
  },
  {
    "id": "0c3ad880-650c-490e-9dce-54198b257273",
    "data": [
      {
        "text": "rice",
        "userDefined": false
      }
    ],
    "isTemplate": false,
    "count": 0,
    "lang": "en",
    "updated": 0
  },
  {
    "id": "aa115d89-0de1-49f3-af86-d07160ce4dc2",
    "data": [
      {
        "text": "dal",
        "userDefined": false
      }
    ],
    "isTemplate": false,
    "count": 0,
    "lang": "en",
    "updated": 0
  }
]